Frame,Id,Centroid_x,Centroid_y,Area,Eccentricity
1,7.0,607.0,39.0,567.0,0.8234851243333605
2,12.0,607.0,47.0,519.0,0.9258576591406028
